{
  "r": 31,
  "n": 32,
  "lambda_min": -0.4704466145269707,
  "lambda_max": 2.9409491565634323,
  "n_channels": 32,
  "freq_range_ghz": [
    2.0,
    18.0
  ]
}